status,access,last_updated,date_created,createdby,last_updatedby,amount
1,4,1645407125,1645407125,2,5,50.99
3,5,1645407125,1645407125,4,2,20.55
2,2,1645407125,1645407125,1,3,100.00
1,3,1645407125,1645407125,5,1,75.25
2,1,1645407125,1645407125,3,6,150.99
3,5,1645407125,1645407125,2,4,80.25
1,4,1645407125,1645407125,6,2,60.00
2,2,1645407125,1645407125,1,5,30.50
3,1,1645407125,1645407125,3,4,40.99
1,3,1645407125,1645407125,2,6,90.00
2,5,1645407125,1645407125,4,1,10.25
3,2,1645407125,1645407125,5,3,55.99
1,1,1645407125,1645407125,6,4,120.50
2,4,1645407125,1645407125,3,1,80.99
3,3,1645407125,1645407125,2,5,35.00
1,2,1645407125,1645407125,1,6,65.25
2,1,1645407125,1645407125,5,3,25.99
3,6,1645407125,1645407125,4,2,110.00
1,3,1645407125,1645407125,6,1,75.99
2,5,1645407125,1645407125,2,4,50.00
